<?xml version="1.0" encoding="UTF-8"?>
<metadata xml:lang="nb"><Esri><CreaDate>20200622</CreaDate><CreaTime>13035300</CreaTime><ArcGISFormat>1.0</ArcGISFormat><SyncOnce>FALSE</SyncOnce><DataProperties><lineage><Process ToolSource="c:\program files (x86)\arcgis\desktop10.7\ArcToolbox\Toolboxes\Analysis Tools.tbx\Clip" Date="20200622" Time="102736">Clip rute_1000m_Norge outline_tromsø "C:\Users\htla\OneDrive - Norges vassdrags- og energidirektorat\Dokumenter\ArcGIS\Default.gdb\rute_1000m_Norge_Clip" #</Process><Process ToolSource="c:\program files (x86)\arcgis\desktop10.7\ArcToolbox\Toolboxes\Data Management Tools.tbx\Merge" Date="20200622" Time="113222">Merge 'rute_1000m_Norge_Clip selection';Befolkningsmaske "C:\Users\htla\OneDrive - Norges vassdrags- og energidirektorat\Dokumenter\ArcGIS\Default.gdb\rute_1000m_Norge_Clip_Merge" "rute_1000m_Norge_Join_Count "Join_Count" true true false 4 Long 0 0 ,First,#,rute_1000m_Norge_Clip selection,rute_1000m_Norge_Join_Count,-1,-1;rute_1000m_Norge_TARGET_FID "TARGET_FID" true true false 4 Long 0 0 ,First,#,rute_1000m_Norge_Clip selection,rute_1000m_Norge_TARGET_FID,-1,-1;rute_1000m_Norge_SSBid "SSBid" true true false 14 Text 0 0 ,First,#,rute_1000m_Norge_Clip selection,rute_1000m_Norge_SSBid,-1,-1;rute_1000m_Norge_ost "ost" true true false 4 Long 0 0 ,First,#,rute_1000m_Norge_Clip selection,rute_1000m_Norge_ost,-1,-1;rute_1000m_Norge_nord "nord" true true false 4 Long 0 0 ,First,#,rute_1000m_Norge_Clip selection,rute_1000m_Norge_nord,-1,-1;rute_1000m_Norge_CENTROID_X "CENTROID_X" true true false 8 Double 0 0 ,First,#,rute_1000m_Norge_Clip selection,rute_1000m_Norge_CENTROID_X,-1,-1;rute_1000m_Norge_CENTROID_Y "CENTROID_Y" true true false 8 Double 0 0 ,First,#,rute_1000m_Norge_Clip selection,rute_1000m_Norge_CENTROID_Y,-1,-1;rute_1000m_Norge_Shape_Leng "Shape_Leng" true true false 8 Double 0 0 ,First,#,rute_1000m_Norge_Clip selection,rute_1000m_Norge_Shape_Leng,-1,-1;rute_1000m_Norge_Komm2016 "Komm2016" true true false 4 Text 0 0 ,First,#,rute_1000m_Norge_Clip selection,rute_1000m_Norge_Komm2016,-1,-1;rute_1000m_Norge_Fylk2016 "Fylk2016" true true false 2 Text 0 0 ,First,#,rute_1000m_Norge_Clip selection,rute_1000m_Norge_Fylk2016,-1,-1;rute_1000m_Norge_newSSBid "newSSBid" true true false 8 Double 0 0 ,First,#,rute_1000m_Norge_Clip selection,rute_1000m_Norge_newSSBid,-1,-1;befolkning_OBJECTID "OBJECTID" true true false 4 Long 0 0 ,First,#,rute_1000m_Norge_Clip selection,befolkning_OBJECTID,-1,-1;befolkning_ssbid_1000m "ssbid_1000m" true true false 8 Double 0 0 ,First,#,rute_1000m_Norge_Clip selection,befolkning_ssbid_1000m,-1,-1;befolkning_pop_tot "pop_tot" true true false 4 Long 0 0 ,First,#,rute_1000m_Norge_Clip selection,befolkning_pop_tot,-1,-1;befolkning_pop_mal "pop_mal" true true false 4 Long 0 0 ,First,#,rute_1000m_Norge_Clip selection,befolkning_pop_mal,-1,-1;befolkning_pop_fem "pop_fem" true true false 4 Long 0 0 ,First,#,rute_1000m_Norge_Clip selection,befolkning_pop_fem,-1,-1;befolkning_pop_ave "pop_ave" true true false 8 Double 0 0 ,First,#,rute_1000m_Norge_Clip selection,befolkning_pop_ave,-1,-1;Shape_Length "Shape_Length" false true true 8 Double 0 0 ,First,#,rute_1000m_Norge_Clip selection,Shape_Length,-1,-1,Befolkningsmaske,Shape_Length,-1,-1;Shape_Area "Shape_Area" false true true 8 Double 0 0 ,First,#,rute_1000m_Norge_Clip selection,Shape_Area,-1,-1,Befolkningsmaske,Shape_Area,-1,-1;Join_Count "Join_Count" true true false 4 Long 0 0 ,First,#,Befolkningsmaske,Join_Count,-1,-1;TARGET_FID "TARGET_FID" true true false 4 Long 0 0 ,First,#,Befolkningsmaske,TARGET_FID,-1,-1;SSBid "SSBid" true true false 14 Text 0 0 ,First,#,Befolkningsmaske,SSBid,-1,-1;ost "ost" true true false 4 Long 0 0 ,First,#,Befolkningsmaske,ost,-1,-1;nord "nord" true true false 4 Long 0 0 ,First,#,Befolkningsmaske,nord,-1,-1;CENTROID_X "CENTROID_X" true true false 8 Double 0 0 ,First,#,Befolkningsmaske,CENTROID_X,-1,-1;CENTROID_Y "CENTROID_Y" true true false 8 Double 0 0 ,First,#,Befolkningsmaske,CENTROID_Y,-1,-1;Shape_Leng "Shape_Leng" true true false 8 Double 0 0 ,First,#,Befolkningsmaske,Shape_Leng,-1,-1;Komm2016 "Komm2016" true true false 4 Text 0 0 ,First,#,Befolkningsmaske,Komm2016,-1,-1;Fylk2016 "Fylk2016" true true false 2 Text 0 0 ,First,#,Befolkningsmaske,Fylk2016,-1,-1;newSSBid "newSSBid" true true false 8 Double 0 0 ,First,#,Befolkningsmaske,newSSBid,-1,-1"</Process><Process ToolSource="c:\program files (x86)\arcgis\desktop10.7\ArcToolbox\Toolboxes\Data Management Tools.tbx\CalculateField" Date="20200622" Time="113319">CalculateField rute_1000m_Norge_Clip_Merge rute_1000m_Norge_Join_Count 1 VB #</Process><Process ToolSource="c:\program files (x86)\arcgis\desktop10.7\ArcToolbox\Toolboxes\Data Management Tools.tbx\Dissolve" Date="20200622" Time="113343">Dissolve rute_1000m_Norge_Clip_Merge "C:\Users\htla\OneDrive - Norges vassdrags- og energidirektorat\Dokumenter\ArcGIS\Default.gdb\rute_1000m_Norge_Clip_Merge_" Join_Count # MULTI_PART DISSOLVE_LINES</Process><Process ToolSource="c:\program files (x86)\arcgis\desktop10.7\ArcToolbox\Toolboxes\Data Management Tools.tbx\MultipartToSinglepart" Date="20200622" Time="114133">MultipartToSinglepart rute_1000m_Norge_Clip_Merge_ "C:\Users\htla\OneDrive - Norges vassdrags- og energidirektorat\Dokumenter\ArcGIS\Default.gdb\rute_1000m_Norge_Clip_Merge_1"</Process></lineage><itemProps><itemName Sync="TRUE">rute_1000m_Norge_Clip_Merge_1</itemName><imsContentType Sync="TRUE">002</imsContentType><itemLocation><linkage Sync="TRUE">file://\\G64CXT2\C$\Users\htla\OneDrive - Norges vassdrags- og energidirektorat\Dokumenter\ArcGIS\Default.gdb</linkage><protocol Sync="TRUE">Local Area Network</protocol></itemLocation></itemProps><coordRef><type Sync="TRUE">Projected</type><geogcsn Sync="TRUE">GCS_WGS_1984</geogcsn><csUnits Sync="TRUE">Linear Unit: Meter (1.000000)</csUnits><projcsn Sync="TRUE">WGS_1984_UTM_Zone_33N</projcsn><peXml Sync="TRUE">&lt;ProjectedCoordinateSystem xsi:type='typens:ProjectedCoordinateSystem' xmlns:xsi='http://www.w3.org/2001/XMLSchema-instance' xmlns:xs='http://www.w3.org/2001/XMLSchema' xmlns:typens='http://www.esri.com/schemas/ArcGIS/10.7'&gt;&lt;WKT&gt;PROJCS[&amp;quot;WGS_1984_UTM_Zone_33N&amp;quot;,GEOGCS[&amp;quot;GCS_WGS_1984&amp;quot;,DATUM[&amp;quot;D_WGS_1984&amp;quot;,SPHEROID[&amp;quot;WGS_1984&amp;quot;,6378137.0,298.257223563]],PRIMEM[&amp;quot;Greenwich&amp;quot;,0.0],UNIT[&amp;quot;Degree&amp;quot;,0.0174532925199433]],PROJECTION[&amp;quot;Transverse_Mercator&amp;quot;],PARAMETER[&amp;quot;False_Easting&amp;quot;,500000.0],PARAMETER[&amp;quot;False_Northing&amp;quot;,0.0],PARAMETER[&amp;quot;Central_Meridian&amp;quot;,15.0],PARAMETER[&amp;quot;Scale_Factor&amp;quot;,0.9996],PARAMETER[&amp;quot;Latitude_Of_Origin&amp;quot;,0.0],UNIT[&amp;quot;Meter&amp;quot;,1.0],AUTHORITY[&amp;quot;EPSG&amp;quot;,32633]]&lt;/WKT&gt;&lt;XOrigin&gt;-5120900&lt;/XOrigin&gt;&lt;YOrigin&gt;-9998100&lt;/YOrigin&gt;&lt;XYScale&gt;10000&lt;/XYScale&gt;&lt;ZOrigin&gt;-100000&lt;/ZOrigin&gt;&lt;ZScale&gt;10000&lt;/ZScale&gt;&lt;MOrigin&gt;-100000&lt;/MOrigin&gt;&lt;MScale&gt;10000&lt;/MScale&gt;&lt;XYTolerance&gt;0.001&lt;/XYTolerance&gt;&lt;ZTolerance&gt;0.001&lt;/ZTolerance&gt;&lt;MTolerance&gt;0.001&lt;/MTolerance&gt;&lt;HighPrecision&gt;true&lt;/HighPrecision&gt;&lt;WKID&gt;32633&lt;/WKID&gt;&lt;LatestWKID&gt;32633&lt;/LatestWKID&gt;&lt;/ProjectedCoordinateSystem&gt;</peXml></coordRef></DataProperties><SyncDate>20200622</SyncDate><SyncTime>11412600</SyncTime><ModDate>20200622</ModDate><ModTime>11412600</ModTime></Esri><dataIdInfo><envirDesc Sync="TRUE"> Version 6.2 (Build 9200) ; Esri ArcGIS 10.7.1.11595</envirDesc><dataLang><languageCode value="nob" Sync="TRUE"></languageCode><countryCode value="NOR" Sync="TRUE"></countryCode></dataLang><idCitation><resTitle Sync="TRUE">rute_1000m_Norge_Clip_Merge_1</resTitle><presForm><PresFormCd value="005" Sync="TRUE"></PresFormCd></presForm></idCitation><spatRpType><SpatRepTypCd value="001" Sync="TRUE"></SpatRepTypCd></spatRpType></dataIdInfo><mdLang><languageCode value="nob" Sync="TRUE"></languageCode><countryCode value="NOR" Sync="TRUE"></countryCode></mdLang><distInfo><distFormat><formatName Sync="TRUE">File Geodatabase Feature Class</formatName></distFormat></distInfo><mdHrLv><ScopeCd value="005" Sync="TRUE"></ScopeCd></mdHrLv><mdHrLvName Sync="TRUE">dataset</mdHrLvName><refSysInfo><RefSystem><refSysID><identCode code="32633" Sync="TRUE"></identCode><idCodeSpace Sync="TRUE">EPSG</idCodeSpace><idVersion Sync="TRUE">2.1(3.0.1)</idVersion></refSysID></RefSystem></refSysInfo><spatRepInfo><VectSpatRep><geometObjs Name="rute_1000m_Norge_Clip_Merge_1"><geoObjTyp><GeoObjTypCd value="002" Sync="TRUE"></GeoObjTypCd></geoObjTyp><geoObjCnt Sync="TRUE">0</geoObjCnt></geometObjs><topLvl><TopoLevCd value="001" Sync="TRUE"></TopoLevCd></topLvl></VectSpatRep></spatRepInfo><spdoinfo><ptvctinf><esriterm Name="rute_1000m_Norge_Clip_Merge_1"><efeatyp Sync="TRUE">Simple</efeatyp><efeageom code="4" Sync="TRUE"></efeageom><esritopo Sync="TRUE">FALSE</esritopo><efeacnt Sync="TRUE">0</efeacnt><spindex Sync="TRUE">TRUE</spindex><linrefer Sync="TRUE">FALSE</linrefer></esriterm></ptvctinf></spdoinfo><eainfo><detailed Name="rute_1000m_Norge_Clip_Merge_1"><enttyp><enttypl Sync="TRUE">rute_1000m_Norge_Clip_Merge_1</enttypl><enttypt Sync="TRUE">Feature Class</enttypt><enttypc Sync="TRUE">0</enttypc></enttyp><attr><attrlabl Sync="TRUE">OBJECTID</attrlabl><attalias Sync="TRUE">OBJECTID</attalias><attrtype Sync="TRUE">OID</attrtype><attwidth Sync="TRUE">4</attwidth><atprecis Sync="TRUE">0</atprecis><attscale Sync="TRUE">0</attscale><attrdef Sync="TRUE">Internal feature number.</attrdef><attrdefs Sync="TRUE">Esri</attrdefs><attrdomv><udom Sync="TRUE">Sequential unique whole numbers that are automatically generated.</udom></attrdomv></attr><attr><attrlabl Sync="TRUE">Shape</attrlabl><attalias Sync="TRUE">Shape</attalias><attrtype Sync="TRUE">Geometry</attrtype><attwidth Sync="TRUE">0</attwidth><atprecis Sync="TRUE">0</atprecis><attscale Sync="TRUE">0</attscale><attrdef Sync="TRUE">Feature geometry.</attrdef><attrdefs Sync="TRUE">Esri</attrdefs><attrdomv><udom Sync="TRUE">Coordinates defining the features.</udom></attrdomv></attr><attr><attrlabl Sync="TRUE">Join_Count</attrlabl><attalias Sync="TRUE">Join_Count</attalias><attrtype Sync="TRUE">Integer</attrtype><attwidth Sync="TRUE">4</attwidth><atprecis Sync="TRUE">0</atprecis><attscale Sync="TRUE">0</attscale></attr><attr><attrlabl Sync="TRUE">ORIG_FID</attrlabl><attalias Sync="TRUE">ORIG_FID</attalias><attrtype Sync="TRUE">Integer</attrtype><attwidth Sync="TRUE">4</attwidth><atprecis Sync="TRUE">0</atprecis><attscale Sync="TRUE">0</attscale></attr><attr><attrlabl Sync="TRUE">Shape_Length</attrlabl><attalias Sync="TRUE">Shape_Length</attalias><attrtype Sync="TRUE">Double</attrtype><attwidth Sync="TRUE">8</attwidth><atprecis Sync="TRUE">0</atprecis><attscale Sync="TRUE">0</attscale><attrdef Sync="TRUE">Length of feature in internal units.</attrdef><attrdefs Sync="TRUE">Esri</attrdefs><attrdomv><udom Sync="TRUE">Positive real numbers that are automatically generated.</udom></attrdomv></attr><attr><attrlabl Sync="TRUE">Shape_Area</attrlabl><attalias Sync="TRUE">Shape_Area</attalias><attrtype Sync="TRUE">Double</attrtype><attwidth Sync="TRUE">8</attwidth><atprecis Sync="TRUE">0</atprecis><attscale Sync="TRUE">0</attscale><attrdef Sync="TRUE">Area of feature in internal units squared.</attrdef><attrdefs Sync="TRUE">Esri</attrdefs><attrdomv><udom Sync="TRUE">Positive real numbers that are automatically generated.</udom></attrdomv></attr></detailed></eainfo><mdDateSt Sync="TRUE">20200622</mdDateSt></metadata>
